document_number,abstract,action,agencies,agency_names,effective_on,publication_date,significant,subtype,title,topics,type,Search Term
2019-24483,,,"[{'raw_name': 'DEPARTMENT OF JUSTICE', 'name': 'Justice Department', 'id': 268, 'url': 'https://www.federalregister.gov/agencies/justice-department', 'json_url': 'https://www.federalregister.gov/api/v1/agencies/268.json', 'parent_id': None, 'slug': 'justice-department'}, {'raw_name': 'Antitrust Division', 'name': 'Antitrust Division', 'id': 23, 'url': 'https://www.federalregister.gov/agencies/antitrust-division', 'json_url': 'https://www.federalregister.gov/api/v1/agencies/23.json', 'parent_id': 268, 'slug': 'antitrust-division'}]","['Justice Department', 'Antitrust Division']",,2019-11-12,,,Notice Pursuant to the National Cooperative Research and Production Act of 1993-Naval Surface Technology & Innovation Consortium,[],Notice,Machine Learning
2019-21852,The National Institute of Standards and Technology (NIST) invites organizations to provide products and technical expertise to support and demonstrate security platforms for Securing the Industrial Internet of Things (IIoT) for the energy sector use case. This notice is the initial step for the National Cybersecurity Center of Excellence (NCCoE) in collaborating with technology companies to address cybersecurity challenges identified under the energy sector program. Participation in the use case is open to all interested organizations.,Notice.,"[{'raw_name': 'DEPARTMENT OF COMMERCE', 'name': 'Commerce Department', 'id': 54, 'url': 'https://www.federalregister.gov/agencies/commerce-department', 'json_url': 'https://www.federalregister.gov/api/v1/agencies/54.json', 'parent_id': None, 'slug': 'commerce-department'}, {'raw_name': 'National Institute of Standards and Technology', 'name': 'National Institute of Standards and Technology', 'id': 352, 'url': 'https://www.federalregister.gov/agencies/national-institute-of-standards-and-technology', 'json_url': 'https://www.federalregister.gov/api/v1/agencies/352.json', 'parent_id': 54, 'slug': 'national-institute-of-standards-and-technology'}]","['Commerce Department', 'National Institute of Standards and Technology']",,2019-10-08,,,National Cybersecurity Center of Excellence (NCCoE) Securing the Industrial Internet of Things for the Energy Sector,[],Notice,Machine Learning
2019-21520,"The National Eye Institute, an institute of the National Institutes of Health, Department of Health and Human Services, is contemplating the grant of an Exclusive Patent License to practice the inventions embodied in the Patents and Patent Applications listed in the Supplementary Information section of this notice to Opsis Therapeutics, LLC, (``Opsis'') located in Madison Wisconsin and its affiliate, FUJIFILM Cellular Dynamics, Inc.",Notice.,"[{'raw_name': 'DEPARTMENT OF HEALTH AND HUMAN SERVICES', 'name': 'Health and Human Services Department', 'id': 221, 'url': 'https://www.federalregister.gov/agencies/health-and-human-services-department', 'json_url': 'https://www.federalregister.gov/api/v1/agencies/221.json', 'parent_id': None, 'slug': 'health-and-human-services-department'}, {'raw_name': 'National Institutes of Health', 'name': 'National Institutes of Health', 'id': 353, 'url': 'https://www.federalregister.gov/agencies/national-institutes-of-health', 'json_url': 'https://www.federalregister.gov/api/v1/agencies/353.json', 'parent_id': 221, 'slug': 'national-institutes-of-health'}]","['Health and Human Services Department', 'National Institutes of Health']",,2019-10-03,,,"Prospective Grant of an Exclusive Patent License: Compositions, Devices and Processes for Production and Delivery of Cell Grafts of Manufactured Retinal Pigment Epithelium Cell(s) Alone, or in Combination With Photoreceptor Cells, and on a Biodegradable Support Scaffold Transplanted Subretinally for Intra-Ocular Ophthalmic Treatment of Conditions of Degeneration, Dysfunction or Terminal Injury of Retinal Pigment Epithelium and/or Photoreceptors in Humans",[],Notice,Machine Learning
2019-20201,The Bureau of Consumer Financial Protection (Bureau) seeks comments and information to identify opportunities to utilize Tech Sprints as a means to encourage regulatory innovation and collaborate with stakeholders in developing viable solutions to regulatory compliance challenges.,Notice and request for information.,"[{'raw_name': 'BUREAU OF CONSUMER FINANCIAL PROTECTION', 'name': 'Consumer Financial Protection Bureau', 'id': 573, 'url': 'https://www.federalregister.gov/agencies/consumer-financial-protection-bureau', 'json_url': 'https://www.federalregister.gov/api/v1/agencies/573.json', 'parent_id': None, 'slug': 'consumer-financial-protection-bureau'}]",['Consumer Financial Protection Bureau'],,2019-09-18,,,Request for Information Regarding Tech Sprints,[],Notice,Machine Learning
2019-19763,"The Bureau of Consumer Financial Protection (Bureau) is issuing its revised Policy on No-Action Letters (Policy), which is intended to carry out certain of the Bureau's authorities under Federal consumer financial law.",Policy guidance.,"[{'raw_name': 'BUREAU OF CONSUMER FINANCIAL PROTECTION', 'name': 'Consumer Financial Protection Bureau', 'id': 573, 'url': 'https://www.federalregister.gov/agencies/consumer-financial-protection-bureau', 'json_url': 'https://www.federalregister.gov/api/v1/agencies/573.json', 'parent_id': None, 'slug': 'consumer-financial-protection-bureau'}]",['Consumer Financial Protection Bureau'],,2019-09-13,,,Policy on No-Action Letters,[],Rule,Machine Learning
2019-19811,The Bureau of Consumer Financial Protection is issuing its fourth biennial Consumer Credit Card Market Report to Congress. The report reviews developments in this consumer market since the Bureau's most recent biennial report on the same subject in 2017.,Consumer Credit Card Market Report of the Bureau of Consumer Financial Protection Bureau.,"[{'raw_name': 'BUREAU OF CONSUMER FINANCIAL PROTECTION', 'name': 'Consumer Financial Protection Bureau', 'id': 573, 'url': 'https://www.federalregister.gov/agencies/consumer-financial-protection-bureau', 'json_url': 'https://www.federalregister.gov/api/v1/agencies/573.json', 'parent_id': None, 'slug': 'consumer-financial-protection-bureau'}]",['Consumer Financial Protection Bureau'],,2019-09-13,,,"Consumer Credit Card Market Report of the Bureau of Consumer Financial Protection, 2019",[],Notice,Machine Learning
2019-19715,"The FDIC plans periodically to conduct prize competitions under authority of Section 24 of the Stevenson-Wydler Technology Innovation Act of 1980 and the Federal Deposit Insurance Act. On June 25, 2019, the FDIC requested comment for 60 days from the general public, including persons who may have an interest in participating in FDIC-sponsored or co-sponsored prize competitions, and other Federal agencies to comment on the proposal, as required by the Paperwork Reduction Act of 1995 (PRA), on a proposal to create a new generic collection of information for prize competition participants. The FDIC received one comment that was supportive of the FDIC's forthcoming prize competitions but did not suggest any changes to the burden calculations associated with the generic information collection. The FDIC hereby gives notice of its plan to submit to the Office of Management and Budget (OMB) a request to approve the renewal of this collection, and again invites comment on this renewal.",Notice and request for comment.,"[{'raw_name': 'FEDERAL DEPOSIT INSURANCE CORPORATION', 'name': 'Federal Deposit Insurance Corporation', 'id': 164, 'url': 'https://www.federalregister.gov/agencies/federal-deposit-insurance-corporation', 'json_url': 'https://www.federalregister.gov/api/v1/agencies/164.json', 'parent_id': None, 'slug': 'federal-deposit-insurance-corporation'}]",['Federal Deposit Insurance Corporation'],,2019-09-12,,,Agency Information Collection Activities: Submission for OMB Review; Comment Request Re: Information Collection for Generic Clearance for Prize Competition Participation,[],Notice,Machine Learning
2019-18766,"The Food and Drug Administration (FDA) is requesting nominations for voting members to serve on the Device Good Manufacturing Practice Advisory Committee (DGMPAC) and the Medical Devices Advisory Committee (MDAC) device panels in the Center for Devices and Radiological Health. This annual notice is also in accordance with the 21st Century Cures Act, which requires the Secretary of Health and Human Services (the Secretary) to provide an annual opportunity for patients, representatives of patients, and sponsors of medical devices that may be specifically the subject of a review by a classification panel to provide recommendations for individuals with appropriate expertise to fill voting member positions on classification panels. FDA seeks to include the views of women and men, members of all racial and ethnic groups, and individuals with and without disabilities on its advisory committees, and therefore, encourages nominations of appropriately qualified candidates from these groups.",Notice.,"[{'raw_name': 'DEPARTMENT OF HEALTH AND HUMAN SERVICES', 'name': 'Health and Human Services Department', 'id': 221, 'url': 'https://www.federalregister.gov/agencies/health-and-human-services-department', 'json_url': 'https://www.federalregister.gov/api/v1/agencies/221.json', 'parent_id': None, 'slug': 'health-and-human-services-department'}, {'raw_name': 'Food and Drug Administration', 'name': 'Food and Drug Administration', 'id': 199, 'url': 'https://www.federalregister.gov/agencies/food-and-drug-administration', 'json_url': 'https://www.federalregister.gov/api/v1/agencies/199.json', 'parent_id': 221, 'slug': 'food-and-drug-administration'}]","['Health and Human Services Department', 'Food and Drug Administration']",,2019-08-30,,,Request for Nominations for Voting Members on Public Advisory Panels or Committees; Device Good Manufacturing Practice Advisory Committee and the Medical Devices Advisory Committee,[],Notice,Machine Learning
2019-18469,,,"[{'raw_name': 'DEPARTMENT OF HEALTH AND HUMAN SERVICES', 'name': 'Health and Human Services Department', 'id': 221, 'url': 'https://www.federalregister.gov/agencies/health-and-human-services-department', 'json_url': 'https://www.federalregister.gov/api/v1/agencies/221.json', 'parent_id': None, 'slug': 'health-and-human-services-department'}, {'raw_name': 'Centers for Disease Control and Prevention', 'name': 'Centers for Disease Control and Prevention', 'id': 44, 'url': 'https://www.federalregister.gov/agencies/centers-for-disease-control-and-prevention', 'json_url': 'https://www.federalregister.gov/api/v1/agencies/44.json', 'parent_id': 221, 'slug': 'centers-for-disease-control-and-prevention'}]","['Health and Human Services Department', 'Centers for Disease Control and Prevention']",,2019-08-28,,,"Statement of Organization, Functions, and Delegations of Authority",[],Notice,Machine Learning
2019-17410,"The Securities and Exchange Commission (``Commission'') is proposing for public comment amendments to modernize the description of business, legal proceedings, and risk factor disclosures that registrants are required to make pursuant to Regulation S-K. These disclosure items have not undergone significant revisions in over 30 years. The proposed amendments are intended to update our rules to account for developments since their adoption or last amendment, to improve these disclosures for investors, and to simplify compliance efforts for registrants. Specifically, the proposed amendments are intended to improve the readability of disclosure documents, as well as discourage repetition and disclosure of information that is not material.",Proposed rule.,"[{'raw_name': 'SECURITIES AND EXCHANGE COMMISSION', 'name': 'Securities and Exchange Commission', 'id': 466, 'url': 'https://www.federalregister.gov/agencies/securities-and-exchange-commission', 'json_url': 'https://www.federalregister.gov/api/v1/agencies/466.json', 'parent_id': None, 'slug': 'securities-and-exchange-commission'}]",['Securities and Exchange Commission'],,2019-08-23,False,,"Modernization of Regulation S-K Items 101, 103, and 105","['Reporting and recordkeeping requirements', 'Securities']",Proposed Rule,Machine Learning
2019-17910,"The shift to the National Standards for the Physical Inspection of Real Estate (NSPIRE) will further one of HUD's highest priority strategic outcomes--resident health and safety. HUD is looking at the implementation of NSPIRE as an opportunity to reduce regulatory burden through alignment and consolidation compared to either maintaining or increasing the number of standards and protocols to evaluate HUD-assisted housing across multiple programs. During this demonstration, HUD will solicit volunteers to test the NSPIRE standards and protocols as the means for assessing the physical conditions of HUD-assisted and -insured housing. The demonstration, which will include approximately 4,500 properties, will be implemented on a rolling, nationwide basis and will assess all aspects of the physical inspection line of business of the Real Estate Assessment Center--the collection, processing, and evaluation of physical inspection data and information, including a new scoring model. As the first step in the implementation of NSPIRE, HUD is soliciting comment on this proposed, voluntary demonstration. HUD will consider the comments and incorporate them into the demonstration. Subjecting the NSPIRE model to a multistage demonstration will serve as an opportunity to refine processes and ensure all mechanisms are in place to facilitate the transition to a nationwide implementation. This demonstration will also serve as the precursor to any required rulemaking.",Notice.,"[{'raw_name': 'DEPARTMENT OF HOUSING AND URBAN DEVELOPMENT', 'name': 'Housing and Urban Development Department', 'id': 228, 'url': 'https://www.federalregister.gov/agencies/housing-and-urban-development-department', 'json_url': 'https://www.federalregister.gov/api/v1/agencies/228.json', 'parent_id': None, 'slug': 'housing-and-urban-development-department'}]",['Housing and Urban Development Department'],,2019-08-21,,,Notice of Demonstration To Assess the National Standards for the Physical Inspection of Real Estate and Associated Protocols,[],Proposed Rule,Machine Learning
2019-15727,"The United States Patent and Trademark Office (Office or USPTO) proposes to set or adjust patent fees as authorized by the Leahy-Smith America Invents Act (Act or AIA), as amended by the Study of Underrepresented Classes Chasing Engineering and Science Success Act of 2018 (SUCCESS Act). The USPTO is a business-like operation where the demand for patent products and services and the cost of our operations are affected by external factors, such as the economy, legislation, court decisions, and increases in the costs of supplies and contract services, as well as internal factors, such as changes in patent examination processes and procedures. The proposed fee adjustments are needed to provide the Office with a sufficient amount of aggregate revenue to recover the aggregate cost of patent operations in future years (based on current projections) and to allow the Office to continue progress towards achieving strategic goals.",Notice of proposed rulemaking.,"[{'raw_name': 'DEPARTMENT OF COMMERCE', 'name': 'Commerce Department', 'id': 54, 'url': 'https://www.federalregister.gov/agencies/commerce-department', 'json_url': 'https://www.federalregister.gov/api/v1/agencies/54.json', 'parent_id': None, 'slug': 'commerce-department'}, {'raw_name': 'Patent and Trademark Office', 'name': 'Patent and Trademark Office', 'id': 402, 'url': 'https://www.federalregister.gov/agencies/patent-and-trademark-office', 'json_url': 'https://www.federalregister.gov/api/v1/agencies/402.json', 'parent_id': 54, 'slug': 'patent-and-trademark-office'}]","['Commerce Department', 'Patent and Trademark Office']",,2019-07-31,False,,Setting and Adjusting Patent Fees During Fiscal Year 2020,"['Administrative practice and procedure', 'Biologics', 'Courts', 'Freedom of information', 'Inventions and patents', 'Lawyers', 'Reporting and recordkeeping requirements', 'Small businesses']",Proposed Rule,Machine Learning
2019-15315,"On behalf the National Science and Technology Council (NSTC) Committee on Science & Technology Enterprise, NITRD NCO requests input from all interested parties on the VIA Task Force Report: R&D Opportunities in Video & Image Analytics including from those working on Artificial Intelligence (AI) and/or VIA research and development (R&D). Responses to this Request for Information (RFI) can be general suggestions of revisions or improvements to the VIA Task Force Report, comments on the six strategic goals and objectives, and suggestions to the implementation of the strategic goals and objectives. The public input provided in response to this RFI will inform NITRD NCO, and the VIA Task Force on developing the VIA Task Force Report: R&D Opportunities in Video & Image Analytics.",Notice of Request for Information (RFI).,"[{'raw_name': 'NATIONAL SCIENCE FOUNDATION', 'name': 'National Science Foundation', 'id': 366, 'url': 'https://www.federalregister.gov/agencies/national-science-foundation', 'json_url': 'https://www.federalregister.gov/api/v1/agencies/366.json', 'parent_id': None, 'slug': 'national-science-foundation'}]",['National Science Foundation'],,2019-07-18,,,Request for Information on VIA Task Force Report: R&D Opportunities in Video & Image Analytics,[],Notice,Machine Learning
2019-14869,"The DOE Office of Science (DOE-SC) is considering the launch of a multi-program basic research initiative in support of microelectronics and semiconductor sectors. The participating program offices in DOE-SC invite interested parties to provide input on the topical areas, innovation mechanisms, impact, and potential collaborations, including public-private partnerships, that could be implemented under this initiative. DOE-SC is particularly interested in ways in which unique DOE facilities, expertise and capabilities can be leveraged to support U.S. continued global innovation and leadership in this field.",Request for information (RFI).,"[{'raw_name': 'DEPARTMENT OF ENERGY', 'name': 'Energy Department', 'id': 136, 'url': 'https://www.federalregister.gov/agencies/energy-department', 'json_url': 'https://www.federalregister.gov/api/v1/agencies/136.json', 'parent_id': None, 'slug': 'energy-department'}]",['Energy Department'],,2019-07-12,,,Request for Information: Basic Research Initiative for Microelectronics,[],Notice,Machine Learning
2019-14384,"The Bureau of Consumer Financial Protection (Bureau) is issuing its seventh Fair Lending Report of the Bureau of Consumer Financial Protection (Fair Lending Report) to Congress. The Bureau is committed to ensuring fair access to credit and eliminating discriminatory lending practices. This report describes the Bureau's fair lending activities in prioritization, supervision, enforcement, rulemaking, interagency coordination, and outreach for calendar year 2018.",Fair Lending Report of the Bureau of Consumer Financial Protection.,"[{'raw_name': 'BUREAU OF CONSUMER FINANCIAL PROTECTION', 'name': 'Consumer Financial Protection Bureau', 'id': 573, 'url': 'https://www.federalregister.gov/agencies/consumer-financial-protection-bureau', 'json_url': 'https://www.federalregister.gov/api/v1/agencies/573.json', 'parent_id': None, 'slug': 'consumer-financial-protection-bureau'}]",['Consumer Financial Protection Bureau'],,2019-07-08,,,"Fair Lending Report of the Bureau of Consumer Financial Protection, June 2019",[],Notice,Machine Learning
2019-14376,"Pursuant to title I of the Orrin G. Hatch-Bob Goodlatte Music Modernization Act, and following a solicitation of proposals and public comment on those proposals, the Register is designating the entities who will perform certain functions relating to the compulsory license for digital music providers to make and distribute digital phonorecord deliveries. For the reasons published in this document, the Register designates Mechanical Licensing Collective, Inc. as the mechanical licensing collective and Digital Licensee Coordinator, Inc. as the digital licensee coordinator, including their individual proposed board members.",Final rule.,"[{'raw_name': 'LIBRARY OF CONGRESS', 'name': 'Library of Congress', 'id': 277, 'url': 'https://www.federalregister.gov/agencies/library-of-congress', 'json_url': 'https://www.federalregister.gov/api/v1/agencies/277.json', 'parent_id': None, 'slug': 'library-of-congress'}, {'raw_name': 'U.S. Copyright Office', 'name': 'Copyright Office, Library of Congress', 'id': 87, 'url': 'https://www.federalregister.gov/agencies/copyright-office-library-of-congress', 'json_url': 'https://www.federalregister.gov/api/v1/agencies/87.json', 'parent_id': 277, 'slug': 'copyright-office-library-of-congress'}]","['Library of Congress', 'Copyright Office, Library of Congress']",2019-07-08,2019-07-08,,,Designation of Music Licensing Collective and Digital Licensee Coordinator,"['Copyright', 'Recordings']",Rule,Machine Learning
2019-13477,"The FDIC plans periodically to conduct prize competitions under authority of Section 24 of the Stevenson-Wydler Technology Innovation Act of 1980 and the Federal Deposit Insurance Act. The FDIC is proposing a new generic collection of information for prize competition participants. The FDIC invites the general public, including persons who may have an interest in participating in FDIC- sponsored or co-sponsored prize competitions, and other Federal agencies to comment on the proposal, as required by the Paperwork Reduction Act of 1995. At the end of the comment period, any comments and recommendations received will be reviewed to determine the extent to which the collection should be modified prior to the submission to OMB for review and approval.",Notice and request for comment.,"[{'raw_name': 'FEDERAL DEPOSIT INSURANCE CORPORATION', 'name': 'Federal Deposit Insurance Corporation', 'id': 164, 'url': 'https://www.federalregister.gov/agencies/federal-deposit-insurance-corporation', 'json_url': 'https://www.federalregister.gov/api/v1/agencies/164.json', 'parent_id': None, 'slug': 'federal-deposit-insurance-corporation'}]",['Federal Deposit Insurance Corporation'],,2019-06-25,,,Agency Information Collection Activities: Proposed Collection; Comment Request Re: Information Collection for Generic Clearance for Prize Competition Participation (OMB No. 3064-NEW),[],Notice,Machine Learning
2019-12909,"As required by the Marine Mammal Protection Act (MMPA), NMFS has considered public comments for revisions of the 2018 marine mammal stock assessment reports (SARs). This notice announces the availability of 46 final 2018 SARs that were updated and finalized.",Notice; response to comments.,"[{'raw_name': 'DEPARTMENT OF COMMERCE', 'name': 'Commerce Department', 'id': 54, 'url': 'https://www.federalregister.gov/agencies/commerce-department', 'json_url': 'https://www.federalregister.gov/api/v1/agencies/54.json', 'parent_id': None, 'slug': 'commerce-department'}, {'raw_name': 'National Oceanic and Atmospheric Administration', 'name': 'National Oceanic and Atmospheric Administration', 'id': 361, 'url': 'https://www.federalregister.gov/agencies/national-oceanic-and-atmospheric-administration', 'json_url': 'https://www.federalregister.gov/api/v1/agencies/361.json', 'parent_id': 54, 'slug': 'national-oceanic-and-atmospheric-administration'}]","['Commerce Department', 'National Oceanic and Atmospheric Administration']",,2019-06-19,False,,2018 Marine Mammal Stock Assessment Reports,[],Notice,Machine Learning
2019-08818,"The February 11, 2019, Executive Order on Maintaining American Leadership in Artificial Intelligence (AI) directs the National Institute of Standards and Technology (NIST) to create a plan for Federal engagement in the development of technical standards and related tools in support of reliable, robust, and trustworthy systems that use AI technologies (Plan). This notice requests information to help NIST understand the current state, plans, challenges, and opportunities regarding the development and availability of AI technical standards and related tools, as well as priority areas for federal involvement in AI standards-related activities. To assist in developing the Plan, NIST will consult with Federal agencies, the private sector, academia, non-governmental entities, and other stakeholders with interest in and expertise relating to AI.",Notice; Request for Information (RFI).,"[{'raw_name': 'DEPARTMENT OF COMMERCE', 'name': 'Commerce Department', 'id': 54, 'url': 'https://www.federalregister.gov/agencies/commerce-department', 'json_url': 'https://www.federalregister.gov/api/v1/agencies/54.json', 'parent_id': None, 'slug': 'commerce-department'}, {'raw_name': 'National Institute of Standards and Technology', 'name': 'National Institute of Standards and Technology', 'id': 352, 'url': 'https://www.federalregister.gov/agencies/national-institute-of-standards-and-technology', 'json_url': 'https://www.federalregister.gov/api/v1/agencies/352.json', 'parent_id': 54, 'slug': 'national-institute-of-standards-and-technology'}]","['Commerce Department', 'National Institute of Standards and Technology']",,2019-05-01,,,Artificial Intelligence Standards,[],Notice,Machine Learning
2019-07450,"The Western Pacific Fishery Management Council (Council) will hold meetings of its Protected Species Advisory Committee (PSAC), Archipelagic Fishery Ecosystem Plan (FEP) Team (APT), Pelagics FEP Plan Team (PPT), and the Fishery Data Collection and Research Committee-- Data Technical Sub-Committee (FDCRC-DTC) to discuss fishery issues and develop recommendations for future management of archipelagic, pelagic and protected species.",Notice of public meetings.,"[{'raw_name': 'DEPARTMENT OF COMMERCE', 'name': 'Commerce Department', 'id': 54, 'url': 'https://www.federalregister.gov/agencies/commerce-department', 'json_url': 'https://www.federalregister.gov/api/v1/agencies/54.json', 'parent_id': None, 'slug': 'commerce-department'}, {'raw_name': 'National Oceanic and Atmospheric Administration', 'name': 'National Oceanic and Atmospheric Administration', 'id': 361, 'url': 'https://www.federalregister.gov/agencies/national-oceanic-and-atmospheric-administration', 'json_url': 'https://www.federalregister.gov/api/v1/agencies/361.json', 'parent_id': 54, 'slug': 'national-oceanic-and-atmospheric-administration'}]","['Commerce Department', 'National Oceanic and Atmospheric Administration']",,2019-04-15,False,,Western Pacific Fishery Management Council; Public Meetings,[],Notice,Machine Learning
2019-06791,"The Food and Drug Administration (FDA, the Agency, or we) is issuing this final action establishing that certain active ingredients used in nonprescription (also known as over-the-counter (OTC)) consumer antiseptic products intended for use without water (referred to throughout as consumer antiseptic rubs or consumer rubs) are not eligible for evaluation under the OTC Drug Review for use in consumer antiseptic rubs. Drug products containing these ineligible active ingredients will require approval under a new drug application (NDA) or abbreviated new drug application (ANDA) prior to marketing. FDA is issuing this final action after considering the recommendations of the Nonprescription Drugs Advisory Committee (NDAC), public comments on the Agency's notices of proposed rulemaking, and all data and information on OTC consumer antiseptic rub products that have come to the Agency's attention. This final action finalizes the 1994 tentative final monograph (TFM) for OTC consumer antiseptic rub drug products that published in the Federal Register of June 17, 1994 (the 1994 TFM), as amended by the proposed rule published in the Federal Register (FR) of June 30, 2016 (2016 Consumer Antiseptic Rub proposed rule).",Final rule; finding of ineligibility for inclusion in final monograph.,"[{'raw_name': 'DEPARTMENT OF HEALTH AND HUMAN SERVICES', 'name': 'Health and Human Services Department', 'id': 221, 'url': 'https://www.federalregister.gov/agencies/health-and-human-services-department', 'json_url': 'https://www.federalregister.gov/api/v1/agencies/221.json', 'parent_id': None, 'slug': 'health-and-human-services-department'}, {'raw_name': 'Food and Drug Administration', 'name': 'Food and Drug Administration', 'id': 199, 'url': 'https://www.federalregister.gov/agencies/food-and-drug-administration', 'json_url': 'https://www.federalregister.gov/api/v1/agencies/199.json', 'parent_id': 221, 'slug': 'food-and-drug-administration'}]","['Health and Human Services Department', 'Food and Drug Administration']",2020-04-13,2019-04-12,False,,Safety and Effectiveness of Consumer Antiseptic Rubs; Topical Antimicrobial Drug Products for Over-the-Counter Human Use,[],Rule,Machine Learning
2019-05121,"Nuro, Inc. (Nuro) has petitioned NHTSA for a temporary exemption from certain requirements in Federal Motor Vehicle Safety Standard (FMVSS) No. 500, which establishes standards for ``Low-speed vehicles,'' on the basis that an exemption would make the development or field evaluation of a low-emission vehicle easier without unreasonably lowering the safety of that vehicle. The vehicle for which Nuro requests an exemption is a low-speed, highly automated delivery vehicle intended to be operated without any human occupants and thus designed without any seating. Specifically, Nuro requests exemptions from the requirements in FMVSS No. 500 that its vehicle be equipped with rearview mirrors, a windshield that complies with FMVSS No. 205, and a rear visibility (backup camera) system that complies with FMVSS No. 111. Nuro states that the absence of human occupants, combined with the vehicle's various safety design features, including the vehicle's Automated Driving System (ADS), make compliance with these provisions of FMVSS No. 500 either unnecessary for, or detrimental to, the safety of pedestrians and cyclists. NHTSA is publishing this document in accordance with statutory and administrative provisions, and requests comments on this document and the petition submitted by Nuro. NHTSA will assess the merits of the petition and decide whether to grant or deny it after receiving and considering the public comments on this notice, the petition, public responses to the questions in this notice and such additional information as Nuro may provide.",Notice of receipt of petition for temporary exemption; request for public comment.,"[{'raw_name': 'DEPARTMENT OF TRANSPORTATION', 'name': 'Transportation Department', 'id': 492, 'url': 'https://www.federalregister.gov/agencies/transportation-department', 'json_url': 'https://www.federalregister.gov/api/v1/agencies/492.json', 'parent_id': None, 'slug': 'transportation-department'}, {'raw_name': 'National Highway Traffic Safety Administration', 'name': 'National Highway Traffic Safety Administration', 'id': 345, 'url': 'https://www.federalregister.gov/agencies/national-highway-traffic-safety-administration', 'json_url': 'https://www.federalregister.gov/api/v1/agencies/345.json', 'parent_id': 492, 'slug': 'national-highway-traffic-safety-administration'}]","['Transportation Department', 'National Highway Traffic Safety Administration']",,2019-03-19,,,"Nuro, Inc.; Receipt of Petition for Temporary Exemption for an Electric Vehicle With an Automated Driving System",[],Notice,Machine Learning
2019-02224,"This proposed rule would implement certain provisions of the 21st Century Cures Act, including conditions and maintenance of certification requirements for health information technology (health IT) developers under the ONC Health IT Certification Program (Program), the voluntary certification of health IT for use by pediatric health care providers, and reasonable and necessary activities that do not constitute information blocking. The implementation of these provisions would advance interoperability and support the access, exchange, and use of electronic health information. The proposed rule would also modify the 2015 Edition health IT certification criteria and Program in additional ways to advance interoperability, enhance health IT certification, and reduce burden and costs.",Proposed rule.,"[{'raw_name': 'DEPARTMENT OF HEALTH AND HUMAN SERVICES', 'name': 'Health and Human Services Department', 'id': 221, 'url': 'https://www.federalregister.gov/agencies/health-and-human-services-department', 'json_url': 'https://www.federalregister.gov/api/v1/agencies/221.json', 'parent_id': None, 'slug': 'health-and-human-services-department'}, {'raw_name': 'Office of the Secretary'}]","['Health and Human Services Department', 'Office of the Secretary']",,2019-03-04,False,,"21st Century Cures Act: Interoperability, Information Blocking, and the ONC Health IT Certification Program","['Computer technology', 'Health', 'Health care', 'Health insurance', 'Health records', 'Hospitals', 'Laboratories', 'Medicaid', 'Medicare', 'Privacy', 'Public health', 'Reporting and recordkeeping requirements']",Proposed Rule,Machine Learning
2019-01544,"The Copyright Royalty Judges announce the allocation of shares of cable and satellite royalty funds for the years 2010, 2011, 2012, and 2013 among six claimant groups.",Final allocation determination.,"[{'raw_name': 'LIBRARY OF CONGRESS', 'name': 'Library of Congress', 'id': 277, 'url': 'https://www.federalregister.gov/agencies/library-of-congress', 'json_url': 'https://www.federalregister.gov/api/v1/agencies/277.json', 'parent_id': None, 'slug': 'library-of-congress'}, {'raw_name': 'Copyright Royalty Board', 'name': 'Copyright Royalty Board', 'id': 88, 'url': 'https://www.federalregister.gov/agencies/copyright-royalty-board', 'json_url': 'https://www.federalregister.gov/api/v1/agencies/88.json', 'parent_id': 277, 'slug': 'copyright-royalty-board'}]","['Library of Congress', 'Copyright Royalty Board']",,2019-02-12,,,Distribution of Cable Royalty Funds,[],Notice,Machine Learning
2019-00487,"The Credit Card Accountability Responsibility and Disclosure Act of 2009 (CARD Act or Act) requires the Bureau of Consumer Financial Protection (Bureau) to conduct a review (Review) of the consumer credit card market, within the limits of its existing resources available for reporting purposes. In connection with conducting that Review, and in accordance with the Act, the Bureau is soliciting information from the public about a number of aspects of the consumer credit card market as described further below.",Notice and request for information.,"[{'raw_name': 'BUREAU OF CONSUMER FINANCIAL PROTECTION', 'name': 'Consumer Financial Protection Bureau', 'id': 573, 'url': 'https://www.federalregister.gov/agencies/consumer-financial-protection-bureau', 'json_url': 'https://www.federalregister.gov/api/v1/agencies/573.json', 'parent_id': None, 'slug': 'consumer-financial-protection-bureau'}]",['Consumer Financial Protection Bureau'],,2019-01-31,,,Request for Information Regarding Consumer Credit Card Market,[],Notice,Machine Learning
2018-25221,"The Bureau of Industry and Security (BIS) controls the export of dual-use and less sensitive military items through the Export Administration Regulations (EAR), including the Commerce Control List (CCL). As controls on exports of technology are a key component of the effort to protect sensitive U.S. technology, many sensitive technologies are listed on the CCL, often consistent with the lists maintained by the multilateral export control regimes of which the United States is a member. Certain technologies, however, may not yet be listed on the CCL or controlled multilaterally because they are emerging technologies. As such, they have not yet been evaluated for their national security impacts. This advance notice of proposed rulemaking (ANPRM) seeks public comment on criteria for identifying emerging technologies that are essential to U.S. national security, for example because they have potential conventional weapons, intelligence collection, weapons of mass destruction, or terrorist applications or could provide the United States with a qualitative military or intelligence advantage. Comment on this ANPRM will help inform the interagency process to identify and describe such emerging technologies. This interagency process is anticipated to result in proposed rules for new Export Control Classification Numbers (ECCNs) on the CCL.",Advance notice of proposed rulemaking (ANPRM).,"[{'raw_name': 'DEPARTMENT OF COMMERCE', 'name': 'Commerce Department', 'id': 54, 'url': 'https://www.federalregister.gov/agencies/commerce-department', 'json_url': 'https://www.federalregister.gov/api/v1/agencies/54.json', 'parent_id': None, 'slug': 'commerce-department'}, {'raw_name': 'Bureau of Industry and Security', 'name': 'Industry and Security Bureau', 'id': 241, 'url': 'https://www.federalregister.gov/agencies/industry-and-security-bureau', 'json_url': 'https://www.federalregister.gov/api/v1/agencies/241.json', 'parent_id': 54, 'slug': 'industry-and-security-bureau'}]","['Commerce Department', 'Industry and Security Bureau']",,2018-11-19,False,,Review of Controls for Certain Emerging Technologies,[],Proposed Rule,Machine Learning
2018-23984,,,"[{'raw_name': 'DEPARTMENT OF JUSTICE', 'name': 'Justice Department', 'id': 268, 'url': 'https://www.federalregister.gov/agencies/justice-department', 'json_url': 'https://www.federalregister.gov/api/v1/agencies/268.json', 'parent_id': None, 'slug': 'justice-department'}, {'raw_name': 'Antitrust Division', 'name': 'Antitrust Division', 'id': 23, 'url': 'https://www.federalregister.gov/agencies/antitrust-division', 'json_url': 'https://www.federalregister.gov/api/v1/agencies/23.json', 'parent_id': 268, 'slug': 'antitrust-division'}]","['Justice Department', 'Antitrust Division']",,2018-11-02,,,Notice Pursuant to the National Cooperative Research and Production Act of 1993-Undersea Technology Innovation Consortium,[],Notice,Machine Learning
2018-21720,"This workshop will focus on the R&D challenges of integrating high performance computing (HPC), big data (BD), and machine learning (ML) computing platforms to support the needs of an evolving scientific and technological landscape.",Notice of Workshop.,"[{'raw_name': 'NATIONAL SCIENCE FOUNDATION', 'name': 'National Science Foundation', 'id': 366, 'url': 'https://www.federalregister.gov/agencies/national-science-foundation', 'json_url': 'https://www.federalregister.gov/api/v1/agencies/366.json', 'parent_id': None, 'slug': 'national-science-foundation'}]",['National Science Foundation'],,2018-10-05,,,"Notice of Workshop on the Convergence of High Performance Computing, Big Data, and Machine Learning",[],Notice,Machine Learning
2018-20914,"On behalf of the National Science and Technology Council's (NSTC) Select Committee on Artificial Intelligence (Select Committee), NITRD NCO requests input from all interested parties on the National Artificial Intelligence Research and Development Strategic Plan. Through this Request for Information (RFI), NITRD NCO seeks input from the public, including those directly performing Artificial Intelligence (AI) research and development (R&D) and directly affected by such R&D, on whether the strategic plan should be revised and, if so, the ways in which it may be improved. This includes suggestions as to the addition, removal, or modification of strategic aims, comments as to existing strategic aims as well as their past or future implementation by the Federal government. The public input provided in response to this RFI will inform NITRD NCO and the Select Committee in updating the National Artificial Intelligence Research and Development Strategic Plan.",Notice of Request for Information.,"[{'raw_name': 'NATIONAL SCIENCE FOUNDATION', 'name': 'National Science Foundation', 'id': 366, 'url': 'https://www.federalregister.gov/agencies/national-science-foundation', 'json_url': 'https://www.federalregister.gov/api/v1/agencies/366.json', 'parent_id': None, 'slug': 'national-science-foundation'}]",['National Science Foundation'],,2018-09-26,,,Request for Information on Update to the 2016 National Artificial Intelligence Research and Development Strategic Plan,[],Notice,Machine Learning
2018-16766,"We are revising the Medicare hospital inpatient prospective payment systems (IPPS) for operating and capital-related costs of acute care hospitals to implement changes arising from our continuing experience with these systems for FY 2019. Some of these changes implement certain statutory provisions contained in the 21st Century Cures Act and the Bipartisan Budget Act of 2018, and other legislation. We also are making changes relating to Medicare graduate medical education (GME) affiliation agreements for new urban teaching hospitals. In addition, we are providing the market basket update that will apply to the rate-of-increase limits for certain hospitals excluded from the IPPS that are paid on a reasonable cost basis, subject to these limits for FY 2019. We are updating the payment policies and the annual payment rates for the Medicare prospective payment system (PPS) for inpatient hospital services provided by long- term care hospitals (LTCHs) for FY 2019. In addition, we are establishing new requirements or revising existing requirements for quality reporting by specific Medicare providers (acute care hospitals, PPS-exempt cancer hospitals, and LTCHs). We also are establishing new requirements or revising existing requirements for eligible professionals (EPs), eligible hospitals, and critical access hospitals (CAHs) participating in the Medicare and Medicaid Electronic Health Record (EHR) Incentive Programs (now referred to as the Promoting Interoperability Programs). In addition, we are finalizing modifications to the requirements that apply to States operating Medicaid Promoting Interoperability Programs. We are updating policies for the Hospital Value-Based Purchasing (VBP) Program, the Hospital Readmissions Reduction Program, and the Hospital- Acquired Condition (HAC) Reduction Program. We also are making changes relating to the required supporting documentation for an acceptable Medicare cost report submission and the supporting information for physician certification and recertification of claims.",Final rule.,"[{'raw_name': 'DEPARTMENT OF HEALTH AND HUMAN SERVICES', 'name': 'Health and Human Services Department', 'id': 221, 'url': 'https://www.federalregister.gov/agencies/health-and-human-services-department', 'json_url': 'https://www.federalregister.gov/api/v1/agencies/221.json', 'parent_id': None, 'slug': 'health-and-human-services-department'}, {'raw_name': 'Centers for Medicare & Medicaid Services', 'name': 'Centers for Medicare & Medicaid Services', 'id': 45, 'url': 'https://www.federalregister.gov/agencies/centers-for-medicare-medicaid-services', 'json_url': 'https://www.federalregister.gov/api/v1/agencies/45.json', 'parent_id': 221, 'slug': 'centers-for-medicare-medicaid-services'}]","['Health and Human Services Department', 'Centers for Medicare & Medicaid Services']",2018-10-01,2018-08-17,False,,"Medicare Program; Hospital Inpatient Prospective Payment Systems for Acute Care Hospitals and the Long-Term Care Hospital Prospective Payment System and Policy Changes and Fiscal Year 2019 Rates; Quality Reporting Requirements for Specific Providers; Medicare and Medicaid Electronic Health Record (EHR) Incentive Programs (Promoting Interoperability Programs) Requirements for Eligible Hospitals, Critical Access Hospitals, and Eligible Professionals; Medicare Cost Reporting Requirements; and Physician Certification and Recertification of Claims","['Administrative practice and procedure', 'Emergency medical services', 'Health facilities', 'Health maintenance organizations (HMO)', 'Health professions', 'Kidney diseases', 'Medicaid', 'Medicare', 'Penalties', 'Privacy', 'Puerto Rico', 'Reporting and recordkeeping requirements']",Rule,Machine Learning
2018-17054,"The National Oceanic and Atmospheric Administration (NOAA) is seeking expression of interest from private firms interested in entering into a Cooperative Research and Development Agreement (CRADA) with NOAA to conduct collaborative research and development (R&D) on new and innovative approaches that could lead to new and better ways of processing, exploiting and disseminating space-based Earth and space weather observations from NOAA developed and deployed satellites, with a wide range of applications, societal and economic benefits.",Notice of availability; request for information.,"[{'raw_name': 'DEPARTMENT OF COMMERCE', 'name': 'Commerce Department', 'id': 54, 'url': 'https://www.federalregister.gov/agencies/commerce-department', 'json_url': 'https://www.federalregister.gov/api/v1/agencies/54.json', 'parent_id': None, 'slug': 'commerce-department'}, {'raw_name': 'National Oceanic and Atmospheric Administration', 'name': 'National Oceanic and Atmospheric Administration', 'id': 361, 'url': 'https://www.federalregister.gov/agencies/national-oceanic-and-atmospheric-administration', 'json_url': 'https://www.federalregister.gov/api/v1/agencies/361.json', 'parent_id': 54, 'slug': 'national-oceanic-and-atmospheric-administration'}]","['Commerce Department', 'National Oceanic and Atmospheric Administration']",,2018-08-09,False,,Notice of Availability of a Request for Information: Expressions of Interest in Conducting Collaborative Research and Development on Innovative Approaches for Exploiting Environmental Data,[],Notice,Machine Learning
2018-16608,"The Federal Trade Commission seeks comment in connection with a forthcoming series of public hearings in the fall and winter 2018 to examine whether broad-based changes in the economy, evolving business practices, new technologies, or international developments might require adjustments to competition and consumer protection law, enforcement priorities, and policy. These hearings will cover a range of issues listed in the SUPPLEMENTARY INFORMATION section below. The Commission seeks the views of consumers, business representatives, economists, lawyers, academics, information technology professionals, and other interested parties. Commenters are invited to address one or more of the following topics generally, or with respect to a specific industry.",Notice of hearings and request for comments.,"[{'raw_name': 'FEDERAL TRADE COMMISSION', 'name': 'Federal Trade Commission', 'id': 192, 'url': 'https://www.federalregister.gov/agencies/federal-trade-commission', 'json_url': 'https://www.federalregister.gov/api/v1/agencies/192.json', 'parent_id': None, 'slug': 'federal-trade-commission'}]",['Federal Trade Commission'],,2018-08-06,,,Hearings on Competition and Consumer Protection in the 21st Century,[],Notice,Machine Learning
2018-14075,The Administrative Conference of the United States adopted three recommendations at its Sixty-Ninth Plenary Session. The appended recommendations address: Paperwork Reduction Act Efficiencies; Severability in Agency Rulemaking (formerly titled Minimizing the Cost of Judicial Review; and Electronic Case Management in Federal Administrative Adjudication. A fourth recommendation on the topic of Administrative Judges was recommitted to the committee of jurisdiction for further consideration. A working group convened by the Office of the Chairman presented the Conference's Model Adjudication Rules (rev. 2018).,Notice.,"[{'raw_name': 'ADMINISTRATIVE CONFERENCE OF THE UNITED STATES', 'name': 'Administrative Conference of the United States', 'id': 566, 'url': 'https://www.federalregister.gov/agencies/administrative-conference-of-the-united-states', 'json_url': 'https://www.federalregister.gov/api/v1/agencies/566.json', 'parent_id': None, 'slug': 'administrative-conference-of-the-united-states'}]",['Administrative Conference of the United States'],,2018-06-29,,,Adoption of Recommendations,[],Notice,Machine Learning
2018-10588,The Department of Defense (DoD) is publishing this notice to announce that the following Federal Advisory Committee meeting of the Defense Science Board will take place.,Notice of Federal Advisory Committee meeting.,"[{'raw_name': 'DEPARTMENT OF DEFENSE', 'name': 'Defense Department', 'id': 103, 'url': 'https://www.federalregister.gov/agencies/defense-department', 'json_url': 'https://www.federalregister.gov/api/v1/agencies/103.json', 'parent_id': None, 'slug': 'defense-department'}, {'raw_name': 'Office of the Secretary'}]","['Defense Department', 'Office of the Secretary']",,2018-05-18,,,Defense Science Board; Notice of Federal Advisory Committee Meeting,[],Notice,Machine Learning
2018-10165,"The National Institute for Occupational Safety and Health of the Centers for Disease Control and Prevention has recently established the Center for Occupational Robotics Research. NIOSH is requesting information to guide the prioritization of research to be undertaken by the Center. NIOSH is seeking input on priority gaps in knowledge on the safety and health of humans working with robotics technology, with an emphasis on worker safety and health research which is unlikely to be completed by other federal agencies, academia, and the private sector.",Request for information and comment.,"[{'raw_name': 'DEPARTMENT OF HEALTH AND HUMAN SERVICES', 'name': 'Health and Human Services Department', 'id': 221, 'url': 'https://www.federalregister.gov/agencies/health-and-human-services-department', 'json_url': 'https://www.federalregister.gov/api/v1/agencies/221.json', 'parent_id': None, 'slug': 'health-and-human-services-department'}, {'raw_name': 'Centers for Disease Control and Prevention', 'name': 'Centers for Disease Control and Prevention', 'id': 44, 'url': 'https://www.federalregister.gov/agencies/centers-for-disease-control-and-prevention', 'json_url': 'https://www.federalregister.gov/api/v1/agencies/44.json', 'parent_id': 221, 'slug': 'centers-for-disease-control-and-prevention'}]","['Health and Human Services Department', 'Centers for Disease Control and Prevention']",,2018-05-14,,,Occupational Robotics Research Prioritization,[],Notice,Machine Learning
2018-08705,"We are proposing to revise the Medicare hospital inpatient prospective payment systems (IPPS) for operating and capital-related costs of acute care hospitals to implement changes arising from our continuing experience with these systems for FY 2019. Some of these proposed changes implement certain statutory provisions contained in the 21st Century Cures Act and the Bipartisan Budget Act of 2018, and other legislation. We also are proposing to make changes relating to Medicare graduate medical education (GME) affiliation agreements for new urban teaching hospitals. In addition, we are proposing to provide the market basket update that would apply to the rate[dash]of[dash]increase limits for certain hospitals excluded from the IPPS that are paid on a reasonable cost basis subject to these limits for FY 2019. We are proposing to update the payment policies and the annual payment rates for the Medicare prospective payment system (PPS) for inpatient hospital services provided by long-term care hospitals (LTCHs) for FY 2019. In addition, we are proposing to establish new requirements or revise existing requirements for quality reporting by specific Medicare providers (acute care hospitals, PPS[dash]exempt cancer hospitals, and LTCHs). We also are proposing to establish new requirements or revise existing requirements for eligible professionals (EPs), eligible hospitals, and critical access hospitals (CAHs) participating in the Medicare and Medicaid Electronic Health Record (EHR) Incentive Programs (now referred to as the Promoting Interoperability Programs). In addition, we are proposing changes to the requirements that apply to States operating Medicaid Promoting Interoperability Prrograms. We are proposing to update policies for the Hospital Value-Based Purchasing (VBP) Program, the Hospital Readmissions Reduction Program, and the Hospital-Acquired Condition (HAC) Reduction Program. We also are proposing to make changes relating to the required supporting documentation for an acceptable Medicare cost report submission and the supporting information for physician certification and recertification of claims.",Proposed rule.,"[{'raw_name': 'DEPARTMENT OF HEALTH AND HUMAN SERVICES', 'name': 'Health and Human Services Department', 'id': 221, 'url': 'https://www.federalregister.gov/agencies/health-and-human-services-department', 'json_url': 'https://www.federalregister.gov/api/v1/agencies/221.json', 'parent_id': None, 'slug': 'health-and-human-services-department'}, {'raw_name': 'Centers for Medicare & Medicaid Services', 'name': 'Centers for Medicare & Medicaid Services', 'id': 45, 'url': 'https://www.federalregister.gov/agencies/centers-for-medicare-medicaid-services', 'json_url': 'https://www.federalregister.gov/api/v1/agencies/45.json', 'parent_id': 221, 'slug': 'centers-for-medicare-medicaid-services'}]","['Health and Human Services Department', 'Centers for Medicare & Medicaid Services']",,2018-05-07,False,,"Medicare Program; Hospital Inpatient Prospective Payment Systems for Acute Care Hospitals and the Long-Term Care Hospital Prospective Payment System and Proposed Policy Changes and Fiscal Year 2019 Rates; Proposed Quality Reporting Requirements for Specific Providers; Proposed Medicare and Medicaid Electronic Health Record (EHR) Incentive Programs (Promoting Interoperability Programs) Requirements for Eligible Hospitals, Critical Access Hospitals, and Eligible Professionals; Medicare Cost Reporting Requirements; and Physician Certification and Recertification of Claims","['Administrative practice and procedure', 'Emergency medical services', 'Health facilities', 'Health maintenance organizations (HMO)', 'Health professions', 'Kidney diseases', 'Medicaid', 'Medicare', 'Penalties', 'Privacy', 'Puerto Rico', 'Reporting and recordkeeping requirements']",Proposed Rule,Machine Learning
2018-08830,The Department of Defense (DoD) is publishing this notice to announce that the following Federal advisory committee meeting of the Defense Innovation Board (DIB) will take place.,Notice of Federal Advisory Committee meeting.,"[{'raw_name': 'DEPARTMENT OF DEFENSE', 'name': 'Defense Department', 'id': 103, 'url': 'https://www.federalregister.gov/agencies/defense-department', 'json_url': 'https://www.federalregister.gov/api/v1/agencies/103.json', 'parent_id': None, 'slug': 'defense-department'}]",['Defense Department'],,2018-04-26,,,Defense Innovation Board; Notice of Federal Advisory Committee Meeting,[],Notice,Machine Learning
2018-08673,"In May 2017, the Commodity Futures Trading Commission (``Commission'' or ``CFTC'') launched a new initiative, LabCFTC, to spearhead the CFTC's effort to facilitate the development and implementation of market-enhancing financial technologies (``FinTech''). As part of that effort, CFTC staff are exploring opportunities to play a constructive role to stimulate innovation and leverage FinTech solutions that can enhance our regulated markets and help make the Commission more effective and efficient in satisfying its mission. The Science Prize Competition Act (``SPCA'') authorizes the CFTC to invest federal funds in science and early-stage technology research and development as well as in science, technology, engineering, and mathematics education. Under this authority, the CFTC may implement a competition and award prizes to stimulate innovation designed to advance the CFTC's mission. Accordingly, the Science Prize Competition Act may offer a useful mechanism to further the goals of LabCFTC and the CFTC's mission. This Request for Input solicits feedback on focus areas for potential prize competitions, and how competitions could best be structured and administered. The Commission welcomes all public comments.",Request for input.,"[{'raw_name': 'COMMODITY FUTURES TRADING COMMISSION', 'name': 'Commodity Futures Trading Commission', 'id': 77, 'url': 'https://www.federalregister.gov/agencies/commodity-futures-trading-commission', 'json_url': 'https://www.federalregister.gov/api/v1/agencies/77.json', 'parent_id': None, 'slug': 'commodity-futures-trading-commission'}]",['Commodity Futures Trading Commission'],,2018-04-25,,,Request for Input on LabCFTC Prize Competitions,[],Notice,Machine Learning
2018-04084,"The Information Security and Privacy Advisory Board (ISPAB) will meet Thursday, March 15, 2018 from 9:00 a.m. until 5:00 p.m., Eastern Time, and Friday, March 16, 2018 from 9:00 a.m. until 4:30 p.m. Eastern Time. All sessions will be open to the public.",Notice.,"[{'raw_name': 'DEPARTMENT OF COMMERCE', 'name': 'Commerce Department', 'id': 54, 'url': 'https://www.federalregister.gov/agencies/commerce-department', 'json_url': 'https://www.federalregister.gov/api/v1/agencies/54.json', 'parent_id': None, 'slug': 'commerce-department'}, {'raw_name': 'National Institute of Standards and Technology', 'name': 'National Institute of Standards and Technology', 'id': 352, 'url': 'https://www.federalregister.gov/agencies/national-institute-of-standards-and-technology', 'json_url': 'https://www.federalregister.gov/api/v1/agencies/352.json', 'parent_id': 54, 'slug': 'national-institute-of-standards-and-technology'}]","['Commerce Department', 'National Institute of Standards and Technology']",,2018-02-28,,,Open Meeting of the Information Security and Privacy Advisory Board,[],Notice,Machine Learning
2018-03464,"In this document, the Federal Communications Commission (Commission) returns to the light-touch regulatory scheme that enabled the internet to develop and thrive for nearly two decades. The Commission restores the classification of broadband internet access service as a lightly-regulated information service and reinstates the private mobile service classification of mobile broadband internet access service. The Restoring Internet Freedom Order requires internet service providers (ISPs) to disclose information about their network management practices, performance characteristics, and commercial terms of service. Finding that transparency is sufficient to protect the openness of the internet and that conduct rules have greater costs than benefits, the Order eliminates the conduct rules imposed by the Title II Order.",Final rule.,"[{'raw_name': 'FEDERAL COMMUNICATIONS COMMISSION', 'name': 'Federal Communications Commission', 'id': 161, 'url': 'https://www.federalregister.gov/agencies/federal-communications-commission', 'json_url': 'https://www.federalregister.gov/api/v1/agencies/161.json', 'parent_id': None, 'slug': 'federal-communications-commission'}]",['Federal Communications Commission'],2018-04-23,2018-02-22,,,Restoring Internet Freedom,"['Administrative practice and procedure', 'Cable television', 'Common carriers', 'Communications common carriers', 'Radio', 'Reporting and recordkeeping requirements', 'Satellites', 'Telecommunications', 'Telephone']",Rule,Machine Learning
2018-00120,The Interagency Coordinating Committee on the Validation of Alternative Methods (ICCVAM) announces a public webinar ``Machine Learning in Toxicology: Fundamentals of Application and Interpretation.'' The webinar is organized on behalf of ICCVAM by the National Toxicology Program Interagency Center for the Evaluation of Alternative Toxicological Methods (NICEATM). Interested persons may participate via WebEx. Time will be allotted for questions from the audience.,Notice.,"[{'raw_name': 'DEPARTMENT OF HEALTH AND HUMAN SERVICES', 'name': 'Health and Human Services Department', 'id': 221, 'url': 'https://www.federalregister.gov/agencies/health-and-human-services-department', 'json_url': 'https://www.federalregister.gov/api/v1/agencies/221.json', 'parent_id': None, 'slug': 'health-and-human-services-department'}, {'raw_name': 'National Institutes of Health', 'name': 'National Institutes of Health', 'id': 353, 'url': 'https://www.federalregister.gov/agencies/national-institutes-of-health', 'json_url': 'https://www.federalregister.gov/api/v1/agencies/353.json', 'parent_id': 221, 'slug': 'national-institutes-of-health'}]","['Health and Human Services Department', 'National Institutes of Health']",,2018-01-08,,,Interagency Coordinating Committee on the Validation of Alternative Methods Communities of Practice Webinar on Machine Learning in Toxicology: Fundamentals of Application and Interpretation; Notice of Public Webinar; Registration Information,[],Notice,Machine Learning
2017-27877,"The Office of High Energy Physics (HEP) in the Department of Energy (DOE) invites interested parties to provide input on topical areas in which progress in quantum information science can inform high energy physics, and on contributions that the high energy physics community can make to advancing quantum information science.",Notice of request for information (RFI).,"[{'raw_name': 'DEPARTMENT OF ENERGY', 'name': 'Energy Department', 'id': 136, 'url': 'https://www.federalregister.gov/agencies/energy-department', 'json_url': 'https://www.federalregister.gov/api/v1/agencies/136.json', 'parent_id': None, 'slug': 'energy-department'}]",['Energy Department'],,2017-12-27,,,"Office of Science, Office of High Energy Physics; Request for Information: Impacts From and to Quantum Information Science in High Energy Physics",[],Notice,Machine Learning
2017-27317,"The Food and Drug Administration (FDA, the Agency, or we) is issuing this final rule establishing that certain active ingredients used in nonprescription (also known as over-the-counter or OTC) antiseptic products intended for use by health care professionals in a hospital setting or other health care situations outside the hospital are not generally recognized as safe and effective (GRAS/GRAE). FDA is issuing this final rule after considering the recommendations of the Nonprescription Drugs Advisory Committee (NDAC); public comments on the Agency's notices of proposed rulemaking; and all data and information on OTC health care antiseptic products that have come to the Agency's attention. This final rule finalizes the 1994 tentative final monograph (TFM) for OTC health care antiseptic drug products that published in the Federal Register of June 17, 1994 (the 1994 TFM) as amended by the proposed rule published in the Federal Register (FR) of May 1, 2015 (2015 Health Care Antiseptic Proposed Rule (PR)).",Final rule.,"[{'raw_name': 'DEPARTMENT OF HEALTH AND HUMAN SERVICES', 'name': 'Health and Human Services Department', 'id': 221, 'url': 'https://www.federalregister.gov/agencies/health-and-human-services-department', 'json_url': 'https://www.federalregister.gov/api/v1/agencies/221.json', 'parent_id': None, 'slug': 'health-and-human-services-department'}, {'raw_name': 'Food and Drug Administration', 'name': 'Food and Drug Administration', 'id': 199, 'url': 'https://www.federalregister.gov/agencies/food-and-drug-administration', 'json_url': 'https://www.federalregister.gov/api/v1/agencies/199.json', 'parent_id': 221, 'slug': 'food-and-drug-administration'}]","['Health and Human Services Department', 'Food and Drug Administration']",2018-12-20,2017-12-20,False,,Safety and Effectiveness of Health Care Antiseptics; Topical Antimicrobial Drug Products for Over-the-Counter Human Use,"['Administrative practice and procedure', 'Drugs', 'Labeling', 'Medical devices', 'Reporting and recordkeeping requirements']",Rule,Machine Learning
2017-21279,,,"[{'raw_name': 'SECURITIES AND EXCHANGE COMMISSION', 'name': 'Securities and Exchange Commission', 'id': 466, 'url': 'https://www.federalregister.gov/agencies/securities-and-exchange-commission', 'json_url': 'https://www.federalregister.gov/api/v1/agencies/466.json', 'parent_id': None, 'slug': 'securities-and-exchange-commission'}]",['Securities and Exchange Commission'],,2017-10-04,,,Self-Regulatory Organizations; NASDAQ PHLX LLC; Notice of Filing of Proposed Rule Change To Introduce the Intellicator Analytic Tool,[],Notice,Machine Learning
2017-21017,"The Food and Drug Administration (FDA, the Agency, or we) is announcing the following public workshop entitled ``Leveraging Quantitative Methods and Modeling to Modernize Generic Drug Development and Review.'' The purpose of the public workshop is to engage stakeholders in a discussion of current and emerging scientific approaches and applications for the conduct of quantitative modeling and simulations in generic drug development, especially for complex and locally acting products, and to gain input regarding opportunities and knowledge gaps related to the use of quantitative modeling and simulation to inform regulatory decision making through the product lifecycle. FDA will use the information gained through the workshop to support product-specific guidance development, improve pre-abbreviated new drug applications (ANDA) interactions with applicants, increase the quality and efficiency of regulatory reviews, and identify a next generation modeling and simulation toolset for complex and locally acting products.",Notice of public workshop; request for comments.,"[{'raw_name': 'DEPARTMENT OF HEALTH AND HUMAN SERVICES', 'name': 'Health and Human Services Department', 'id': 221, 'url': 'https://www.federalregister.gov/agencies/health-and-human-services-department', 'json_url': 'https://www.federalregister.gov/api/v1/agencies/221.json', 'parent_id': None, 'slug': 'health-and-human-services-department'}, {'raw_name': 'Food and Drug Administration', 'name': 'Food and Drug Administration', 'id': 199, 'url': 'https://www.federalregister.gov/agencies/food-and-drug-administration', 'json_url': 'https://www.federalregister.gov/api/v1/agencies/199.json', 'parent_id': 221, 'slug': 'food-and-drug-administration'}]","['Health and Human Services Department', 'Food and Drug Administration']",,2017-10-02,,,Leveraging Quantitative Methods and Modeling To Modernize Generic Drug Development and Review; Public Workshop; Request for Comments,[],Notice,Machine Learning
2017-11961,,,"[{'raw_name': 'SECURITIES AND EXCHANGE COMMISSION', 'name': 'Securities and Exchange Commission', 'id': 466, 'url': 'https://www.federalregister.gov/agencies/securities-and-exchange-commission', 'json_url': 'https://www.federalregister.gov/api/v1/agencies/466.json', 'parent_id': None, 'slug': 'securities-and-exchange-commission'}]",['Securities and Exchange Commission'],,2017-06-09,,,Self-Regulatory Organizations; The NASDAQ Stock Market LLC; Notice of Filing and Immediate Effectiveness of Proposed Rule Change To Amend the Exchange's Fees at Rule 7046,[],Notice,Machine Learning
2017-11072,"With this notice, the Networking and Information Technology Research and Development (NITRD) National Coordination Office (NCO) requests comments from the public regarding the draft Federal Health Information Technology Research and Development Strategic Framework. The draft Strategic Framework is posted at: https://www.nitrd.gov/ drafts/HITRD_StrategicFramework_Draft.pdf.",Request for public comment.,"[{'raw_name': 'NATIONAL SCIENCE FOUNDATION', 'name': 'National Science Foundation', 'id': 366, 'url': 'https://www.federalregister.gov/agencies/national-science-foundation', 'json_url': 'https://www.federalregister.gov/api/v1/agencies/366.json', 'parent_id': None, 'slug': 'national-science-foundation'}]",['National Science Foundation'],,2017-05-30,,,Health Information Technology Research and Development (HITRD) Interagency Working Group (IWG),[],Notice,Machine Learning
2017-06099,This notice announces a meeting of the Advanced Scientific Computing Advisory Committee (ASCAC). The Federal Advisory Committee requires that public notice of these meetings be announced in the Federal Register.,Notice of open meeting.,"[{'raw_name': 'DEPARTMENT OF ENERGY', 'name': 'Energy Department', 'id': 136, 'url': 'https://www.federalregister.gov/agencies/energy-department', 'json_url': 'https://www.federalregister.gov/api/v1/agencies/136.json', 'parent_id': None, 'slug': 'energy-department'}]",['Energy Department'],,2017-03-28,,,Advanced Scientific Computing Advisory Committee,[],Notice,Machine Learning
2017-06112,The Department of Defense (DoD) is publishing this notice to announce that the following Federal Advisory Committee meeting of the Defense Innovation Board will take place.,Notice of Federal Advisory Committee Meeting.,"[{'raw_name': 'DEPARTMENT OF DEFENSE', 'name': 'Defense Department', 'id': 103, 'url': 'https://www.federalregister.gov/agencies/defense-department', 'json_url': 'https://www.federalregister.gov/api/v1/agencies/103.json', 'parent_id': None, 'slug': 'defense-department'}, {'raw_name': 'Office of the Secretary'}]","['Defense Department', 'Office of the Secretary']",,2017-03-28,,,Defense Innovation Board; Notice of Federal Advisory Committee Meeting,[],Notice,Machine Learning
2017-03361,"The Consumer Financial Protection Bureau (CFPB or Bureau) seeks information about the use or potential use of alternative data and modeling techniques in the credit process. Alternative data and modeling techniques are changing the way that some financial service providers conduct business. These changes hold the promise of potentially significant benefits for some consumers but also present certain potentially significant risks. The Bureau seeks to learn more about current and future market developments, including existing and emerging consumer benefits and risks, and how these developments could alter the marketplace and the consumer experience. The Bureau also seeks to learn how market participants are or could be mitigating certain risks to consumers, and about consumer preferences, views, and concerns.",Notice and request for information.,"[{'raw_name': 'BUREAU OF CONSUMER FINANCIAL PROTECTION', 'name': 'Consumer Financial Protection Bureau', 'id': 573, 'url': 'https://www.federalregister.gov/agencies/consumer-financial-protection-bureau', 'json_url': 'https://www.federalregister.gov/api/v1/agencies/573.json', 'parent_id': None, 'slug': 'consumer-financial-protection-bureau'}]",['Consumer Financial Protection Bureau'],,2017-02-21,,,Request for Information Regarding Use of Alternative Data and Modeling Techniques in the Credit Process,[],Notice,Machine Learning
2016-31577,The DoD is publishing this notice to announce the following Federal Advisory Committee Meeting of the Defense Innovation Board (``the Board''). This meeting is partially closed to the public.,Notice of Federal Advisory Committee Meeting.,"[{'raw_name': 'DEPARTMENT OF DEFENSE', 'name': 'Defense Department', 'id': 103, 'url': 'https://www.federalregister.gov/agencies/defense-department', 'json_url': 'https://www.federalregister.gov/api/v1/agencies/103.json', 'parent_id': None, 'slug': 'defense-department'}, {'raw_name': 'Office of the Secretary'}]","['Defense Department', 'Office of the Secretary']",,2016-12-29,,,Defense Innovation Board: Notice of Federal Advisory Committee Meeting,[],Notice,Machine Learning
2016-30593,"The Bureau of Reclamation is announcing the following prize competition, Sub-Seasonal Climate Forecast Rodeo. This Challenge seeks to improve on existing sub-seasonal forecasts and asks Solvers (i.e., competitors in the Challenge) to develop systems that perform demonstratively better than existing baseline forecasts for temperature and precipitation over a 15-42-day time frame. Solvers will have approximately 3 months to develop their system, at which point they are asked to provide forecasts every 2 weeks over a 13-month period, with the first month being a ``pre-season'' to become familiar with the submission and evaluation processes.",Notice.,"[{'raw_name': 'DEPARTMENT OF THE INTERIOR', 'name': 'Interior Department', 'id': 253, 'url': 'https://www.federalregister.gov/agencies/interior-department', 'json_url': 'https://www.federalregister.gov/api/v1/agencies/253.json', 'parent_id': None, 'slug': 'interior-department'}, {'raw_name': 'Bureau of Reclamation', 'name': 'Reclamation Bureau', 'id': 446, 'url': 'https://www.federalregister.gov/agencies/reclamation-bureau', 'json_url': 'https://www.federalregister.gov/api/v1/agencies/446.json', 'parent_id': 253, 'slug': 'reclamation-bureau'}]","['Interior Department', 'Reclamation Bureau']",,2016-12-20,,,Announcement of Requirements and Registration for a Prize Competition Titled: Sub-Seasonal Climate Forecast Rodeo,[],Notice,Machine Learning
2016-21337,"The Food and Drug Administration (FDA, we, or the Agency) is issuing this final rule establishing that certain active ingredients used in over-the-counter (OTC) consumer antiseptic products intended for use with water (referred to throughout this document as consumer antiseptic washes) are not generally recognized as safe and effective (GRAS/GRAE) and are misbranded. FDA is issuing this final rule after considering the recommendations of the Nonprescription Drugs Advisory Committee (NDAC); public comments on the Agency's notices of proposed rulemaking; and all data and information on OTC consumer antiseptic wash products that have come to the Agency's attention. This final rule amends the 1994 tentative final monograph (TFM) for OTC antiseptic drug products that published in the Federal Register of June 17, 1994 (the 1994 TFM). The final rule is part of the ongoing review of OTC drug products conducted by FDA.",Final rule.,"[{'raw_name': 'DEPARTMENT OF HEALTH AND HUMAN SERVICES', 'name': 'Health and Human Services Department', 'id': 221, 'url': 'https://www.federalregister.gov/agencies/health-and-human-services-department', 'json_url': 'https://www.federalregister.gov/api/v1/agencies/221.json', 'parent_id': None, 'slug': 'health-and-human-services-department'}, {'raw_name': 'Food and Drug Administration', 'name': 'Food and Drug Administration', 'id': 199, 'url': 'https://www.federalregister.gov/agencies/food-and-drug-administration', 'json_url': 'https://www.federalregister.gov/api/v1/agencies/199.json', 'parent_id': 221, 'slug': 'food-and-drug-administration'}]","['Health and Human Services Department', 'Food and Drug Administration']",2017-09-06,2016-09-06,True,,Safety and Effectiveness of Consumer Antiseptics; Topical Antimicrobial Drug Products for Over-the-Counter Human Use,"['Administrative practice and procedure', 'Drugs', 'Labeling', 'Medical devices', 'Reporting and recordkeeping requirements']",Rule,Machine Learning
2016-15082,"Artificial intelligence (AI) technologies offer great promise for creating new and innovative products, growing the economy, and advancing national priorities in areas such as education, mental and physical health, addressing climate change, and more. Like any transformative technology, however, AI carries risks and presents complex policy challenges along a number of different fronts. The Office of Science and Technology Policy (OSTP) is interested in developing a view of AI across all sectors for the purpose of recommending directions for research and determining challenges and opportunities in this field. The views of the American people, including stakeholders such as consumers, academic and industry researchers, private companies, and charitable foundations, are important to inform an understanding of current and future needs for AI in diverse fields. The purpose of this RFI is to solicit feedback on overarching questions in AI, including AI research and the tools, technologies, and training that are needed to answer these questions.",Notice of Request for Information.,"[{'raw_name': 'OFFICE OF SCIENCE AND TECHNOLOGY POLICY', 'name': 'Science and Technology Policy Office', 'id': 464, 'url': 'https://www.federalregister.gov/agencies/science-and-technology-policy-office', 'json_url': 'https://www.federalregister.gov/api/v1/agencies/464.json', 'parent_id': None, 'slug': 'science-and-technology-policy-office'}]",['Science and Technology Policy Office'],,2016-06-27,,,Request for Information on Artificial Intelligence,[],Notice,Machine Learning
2016-14175,"The National Technical Information Service (NTIS) requests proposals from interested for-profit, non-profit, or research performing service organizations to enter into a Joint Venture Partnership with NTIS to assist Federal agencies to develop and implement innovative ways to collect, connect, access, analyze, or use Federal data and data services.",Notice.,"[{'raw_name': 'DEPARTMENT OF COMMERCE', 'name': 'Commerce Department', 'id': 54, 'url': 'https://www.federalregister.gov/agencies/commerce-department', 'json_url': 'https://www.federalregister.gov/api/v1/agencies/54.json', 'parent_id': None, 'slug': 'commerce-department'}, {'raw_name': 'National Technical Information Service', 'name': 'National Technical Information Service', 'id': 372, 'url': 'https://www.federalregister.gov/agencies/national-technical-information-service', 'json_url': 'https://www.federalregister.gov/api/v1/agencies/372.json', 'parent_id': 54, 'slug': 'national-technical-information-service'}]","['Commerce Department', 'National Technical Information Service']",,2016-06-15,,,Opportunity To Enter Into a Joint Venture With the National Technical Information Service for Data Innovation Support,[],Notice,Machine Learning
2016-08458,"The Federal Communications Commission initiates a rulemaking seeking public comment on how to apply the privacy requirements of the Communications Act to broadband Internet access service (BIAS). This Notice of Proposed Rulemaking (NPRM) focuses on transparency, choice, and data security, in a manner that is consistent with the Commission's history of protecting privacy, the Federal Trade Commission's leadership, and various sector-specific statutory approaches, tailored to the particular circumstances that consumers face when they use broadband networks and with an understanding of the particular nature and technologies underlying those networks. The NPRM would recognize that consumers cannot give their permission for the use of protected data unless relevant broadband provider practices are transparent. The NPRM proposes a framework to ensure that consumers; understand what data the broadband provider is collecting and what it does with that information; can decide how their information is used; and are protected against the unauthorized disclosure of their information. The NPRM also seeks comment on a number of closely-related questions.",Proposed rule.,"[{'raw_name': 'FEDERAL COMMUNICATIONS COMMISSION', 'name': 'Federal Communications Commission', 'id': 161, 'url': 'https://www.federalregister.gov/agencies/federal-communications-commission', 'json_url': 'https://www.federalregister.gov/api/v1/agencies/161.json', 'parent_id': None, 'slug': 'federal-communications-commission'}]",['Federal Communications Commission'],,2016-04-20,,,Protecting the Privacy of Customers of Broadband and Other Telecommunications Services,"['Claims', 'Communications common carriers', 'Computer technology', 'Credit', 'Foreign relations', 'Individuals with disabilities', 'Political candidates', 'Radio', 'Reporting and recordkeeping requirements', 'Telecommunications', 'Telegraph', 'Telephone']",Proposed Rule,Machine Learning
2015-24639,"NMFS' Office of Protected Resources, upon request of NMFS' Southwest Fisheries Science Center (SWFSC), hereby issues regulations to govern the unintentional taking of marine mammals incidental to fisheries research conducted in multiple specified geographical regions, over the course of 5 years. These regulations, which allow for the issuance of Letters of Authorization for the incidental take of marine mammals during the described activities and specified timeframes, prescribe the permissible methods of taking and other means of effecting the least practicable adverse impact on marine mammal species or stocks and their habitat, as well as requirements pertaining to the monitoring and reporting of such taking.",Final rule.,"[{'raw_name': 'DEPARTMENT OF COMMERCE', 'name': 'Commerce Department', 'id': 54, 'url': 'https://www.federalregister.gov/agencies/commerce-department', 'json_url': 'https://www.federalregister.gov/api/v1/agencies/54.json', 'parent_id': None, 'slug': 'commerce-department'}, {'raw_name': 'National Oceanic and Atmospheric Administration', 'name': 'National Oceanic and Atmospheric Administration', 'id': 361, 'url': 'https://www.federalregister.gov/agencies/national-oceanic-and-atmospheric-administration', 'json_url': 'https://www.federalregister.gov/api/v1/agencies/361.json', 'parent_id': 54, 'slug': 'national-oceanic-and-atmospheric-administration'}]","['Commerce Department', 'National Oceanic and Atmospheric Administration']",2015-10-30,2015-09-30,False,,Taking and Importing Marine Mammals; Taking Marine Mammals Incidental to Southwest Fisheries Science Center Fisheries Research,"['Exports', 'Fish', 'Imports', 'Indians', 'Labeling', 'Penalties', 'Reporting and recordkeeping requirements', 'Seafood', 'Transportation', 'Marine mammals']",Rule,Machine Learning
2015-02831,"NMFS' Office of Protected Resources has received a request from NMFS' Southwest Fisheries Science Center (SWFSC) for authorization to take marine mammals incidental to fisheries research conducted in multiple specified geographical regions, over the course of five years from the date of issuance. As required by the Marine Mammal Protection Act (MMPA), NMFS is proposing regulations to govern that take, specific to each geographical region, and requests comments on the proposed regulations.",Proposed rule; request for comments.,"[{'raw_name': 'DEPARTMENT OF COMMERCE', 'name': 'Commerce Department', 'id': 54, 'url': 'https://www.federalregister.gov/agencies/commerce-department', 'json_url': 'https://www.federalregister.gov/api/v1/agencies/54.json', 'parent_id': None, 'slug': 'commerce-department'}, {'raw_name': 'National Oceanic and Atmospheric Administration', 'name': 'National Oceanic and Atmospheric Administration', 'id': 361, 'url': 'https://www.federalregister.gov/agencies/national-oceanic-and-atmospheric-administration', 'json_url': 'https://www.federalregister.gov/api/v1/agencies/361.json', 'parent_id': 54, 'slug': 'national-oceanic-and-atmospheric-administration'}]","['Commerce Department', 'National Oceanic and Atmospheric Administration']",,2015-02-13,False,,Taking and Importing Marine Mammals; Taking Marine Mammals Incidental to Southwest Fisheries Science Center Fisheries Research,"['Exports', 'Fish', 'Imports', 'Indians', 'Labeling', 'Penalties', 'Reporting and recordkeeping requirements', 'Seafood', 'Transportation', 'Marine mammals']",Proposed Rule,Machine Learning
2014-00404,"The Office of Science and Technology Policy requests public comments to inform its policy development related to high-impact learning technologies. This Request for Information offers the opportunity for interested individuals and organizations to identify public and private actions that have the potential to accelerate the development, rigorous evaluation, and widespread adoption of high- impact learning technologies. The focus of this RFI is on the design and implementation of ``pull mechanisms'' for technologies that significantly improve a given learning outcome. Comments must be received by 11:59 p.m. on March 7, 2014, to be considered. In your comments, please reference the question to which you are responding.",,"[{'raw_name': 'OFFICE OF SCIENCE AND TECHNOLOGY POLICY', 'name': 'Science and Technology Policy Office', 'id': 464, 'url': 'https://www.federalregister.gov/agencies/science-and-technology-policy-office', 'json_url': 'https://www.federalregister.gov/api/v1/agencies/464.json', 'parent_id': None, 'slug': 'science-and-technology-policy-office'}]",['Science and Technology Policy Office'],,2014-01-13,,,Notice of Request for Information (RFI),[],Notice,Machine Learning
E9-2820,The inventions listed below are owned by an agency of the U.S. Government and are available for licensing in the U.S. in accordance with 35 U.S.C. 207 to achieve expeditious commercialization of results of federally-funded research and development. Foreign patent applications are filed on selected inventions to extend market coverage for companies and may also be available for licensing.,Notice.,"[{'raw_name': 'DEPARTMENT OF HEALTH AND HUMAN SERVICES', 'name': 'Health and Human Services Department', 'id': 221, 'url': 'https://www.federalregister.gov/agencies/health-and-human-services-department', 'json_url': 'https://www.federalregister.gov/api/v1/agencies/221.json', 'parent_id': None, 'slug': 'health-and-human-services-department'}, {'raw_name': 'National Institutes of Health', 'name': 'National Institutes of Health', 'id': 353, 'url': 'https://www.federalregister.gov/agencies/national-institutes-of-health', 'json_url': 'https://www.federalregister.gov/api/v1/agencies/353.json', 'parent_id': 221, 'slug': 'national-institutes-of-health'}]","['Health and Human Services Department', 'National Institutes of Health']",,2009-02-11,,,Government-Owned Inventions; Availability for Licensing,[],Notice,Machine Learning
E6-14184,The inventions listed below are owned by an agency of the U.S. Government and are available for licensing in the U.S. in accordance with 35 U.S.C. 207 to achieve expeditious commercialization of results of federally-funded research and development. Foreign patent applications are filed on selected inventions to extend market coverage for companies and may also be available for licensing.,Notice.,"[{'raw_name': 'DEPARTMENT OF HEALTH AND HUMAN SERVICES', 'name': 'Health and Human Services Department', 'id': 221, 'url': 'https://www.federalregister.gov/agencies/health-and-human-services-department', 'json_url': 'https://www.federalregister.gov/api/v1/agencies/221.json', 'parent_id': None, 'slug': 'health-and-human-services-department'}, {'raw_name': 'National Institutes of Health', 'name': 'National Institutes of Health', 'id': 353, 'url': 'https://www.federalregister.gov/agencies/national-institutes-of-health', 'json_url': 'https://www.federalregister.gov/api/v1/agencies/353.json', 'parent_id': 221, 'slug': 'national-institutes-of-health'}]","['Health and Human Services Department', 'National Institutes of Health']",,2006-08-28,,,Government-Owned Inventions; Availability for Licensing,[],Notice,Machine Learning
01-10934,The National Institutes of Health Clinical Center (NIHCC) is seeking to enter at least one Cooperative Research and Development Agreement (CRADA). The goal is to develop and implement application specific computer-learned medical-outcome indexes as partially described in the April 2001 issue of the periodical entitled ``Advance for Administrators of the Laboratory.'' The development of this technology is part of the ongoing activities of the NIHCC. The term of any CRADA will be up to five (5) years.,,"[{'raw_name': 'DEPARTMENT OF HEALTH AND HUMAN SERVICES (DHHS', 'name': 'Health and Human Services Department', 'id': 221, 'url': 'https://www.federalregister.gov/agencies/health-and-human-services-department', 'json_url': 'https://www.federalregister.gov/api/v1/agencies/221.json', 'parent_id': None, 'slug': 'health-and-human-services-department'}, {'raw_name': 'National Institutes of Health (NIH', 'name': 'National Institutes of Health', 'id': 353, 'url': 'https://www.federalregister.gov/agencies/national-institutes-of-health', 'json_url': 'https://www.federalregister.gov/api/v1/agencies/353.json', 'parent_id': 221, 'slug': 'national-institutes-of-health'}]","['Health and Human Services Department', 'National Institutes of Health']",,2001-05-02,,,National Institutes of Health Clinical Center (NIHCC) Opportunity for Cooperative Research and Development Agreement (CRADA),[],Notice,Machine Learning
98-13011,The inventions listed below are owned by agencies of the U.S. Government and are available for licensing in the U.S. in accordance with 35 U.S.C. 207 to achieve expeditious commercialization of results of federally-funded research and development. Foreign patent applications are filed on selected inventions to extend market coverage for companies and may also be available for licensing.,Notice.,"[{'raw_name': 'DEPARTMENT OF HEALTH AND HUMAN SERVICES', 'name': 'Health and Human Services Department', 'id': 221, 'url': 'https://www.federalregister.gov/agencies/health-and-human-services-department', 'json_url': 'https://www.federalregister.gov/api/v1/agencies/221.json', 'parent_id': None, 'slug': 'health-and-human-services-department'}, {'raw_name': 'National Institutes of Health', 'name': 'National Institutes of Health', 'id': 353, 'url': 'https://www.federalregister.gov/agencies/national-institutes-of-health', 'json_url': 'https://www.federalregister.gov/api/v1/agencies/353.json', 'parent_id': 221, 'slug': 'national-institutes-of-health'}]","['Health and Human Services Department', 'National Institutes of Health']",,1998-05-15,,,Government-Owned Inventions; Availability for Licensing,[],Notice,Machine Learning
98-460,"The Lister Hill National Center for Biomedical Communications (LHNCBC), an R&D division of the National Library of Medicine (NLM), seeks a Cooperative Research and Development Agreement (CRADA) with a commercial software developer experienced in developing and marketing sophisticated information systems products. A collaborator is sought with an established presence in the field of statistical or machine learning technology-based information systems for management of medical practice, medical administration, drug design, fraud detection, criminal investigation, market analysis or other high volume applications which utilize large, complex data bases. Firms interested in collaborating on new approaches to data mining, data visualization and data warehousing are particularly encouraged to inquire. The collaborator must have experience developing cutting-edge computer-based technology into commercial software application products. A record of success in software development, marketing, installation and support is required. The term of the CRADA will be up to five (5) years.",Advertisement.,[],[],,1998-01-08,,,"National Library of Medicine (NLM); Opportunity for a Cooperative Research and Development Agreement for Development and Commercialization of Computer Software for Data Mining, Data Warehousing and Data Visualization",[],Notice,Machine Learning
97-9238,"The Lister Hill National Center for Biomedical Communications (LHNCBC), an R&D division of the National Library of Medicine, seeks a Cooperative Research and Development Agreement (CRADA) with a software company with a reputation in the software engineering research and development and marketing communities as demonstrated by the quality of its information products and successful application of sophisticated statistical or machine learning methods to commercial products. Of particular interest is application of data mining, data warehousing and visualization techniques to areas of interest including drug design, medical care, fraud detection, and medical administration. The Collaborator must be able to collaborate with NLM staff to produce high quality information products. The Collaborator must have a demonstrated record of success in privately producing and marketing information resources. The term of the CRADA will be up to five (5) years.",Advertisement.,[],[],,1997-04-10,,,"National Library of Medicine (NLM); Opportunity for a Cooperative Research and Development Agreement for Research and Development of Data Mining, Data Warehousing and Visualization Techniques to Commercial Products",[],Notice,Machine Learning
